1,Diahann,Sparry,dsparry0@epa.gov
2,Dara,Huddart,dhuddart1@cdbaby.com
3,Colas,Bollom,cbollom2@chron.com
4,Kyle,Guillond,kguillond3@mediafire.com
5,Trstram,tfitt4@virginia.edu
6,Nanine,Lewzey,nlewzey5@nifty.com
7,Sue,MacAne,smacane6@clickbank.net
8,Zeb,Pirt,zpirt7@unicef.org
9,Noah,Watts,nwatts8@europa.eu
10,Dasya,Squirrell,dsquirrell9@microsoft.com